id,first_name,last_name,email,gender,ip_address
1,Burr,McPake,bmcpake0@google.com.hk,Genderfluid,175.119.75.233
2,Carlie,Swetland,cswetland1@independent.co.uk,Bigender,136.131.138.20
3,Sonni,Khalid,skhalid2@berkeley.edu,Non-binary,171.187.31.70
4,Yettie,Nester,ynester3@sciencedirect.com,Non-binary,196.191.10.9
5,Cesya,Rountree,crountree4@paypal.com,Non-binary,148.169.193.182
6,Archibald,Hann,ahann5@taobao.com,Bigender,123.217.252.160
7,Seymour,Huggon,shuggon6@yandex.ru,Polygender,43.230.37.114
8,Valenka,Divine,vdivine7@google.pl,Genderqueer,152.94.64.3
9,Harlene,Mew,hmew8@utexas.edu,Agender,78.88.203.43
10,Cecilia,Zum Felde,czumfelde9@wordpress.org,Female,155.119.147.83
